atracsys positions,,,dvrk cartesian positions,,,dvrk joint positions
0.16596116638183595,-0.10544935607910157,1.1041298828125,-0.03727235512011018,0.02290372590875336,-0.009572223774649362,-0.0049271035737552373,0.001258805458498595,0.10007099542000002,-0.0014678296043916705,0.0053288234908521774,0.0026790734079279177,-0.20058651321289492
0.17088265991210938,-0.11292552185058594,1.1020372314453124,-0.037251778080607284,0.02284517857397631,-0.009544352131226326,-0.0049271035737552373,0.001258805458498595,0.10007099542000002,-0.0014678296043916705,0.0053288234908521774,0.0026790734079279177,-0.20058651321289492
0.1687696533203125,-0.11996707916259766,1.0961474609375,-0.037246338118356266,0.022841114849680412,-0.009535119749244083,-0.0049271035737552373,0.001258805458498595,0.10007099542000002,-0.0014678296043916705,0.0053288234908521774,0.0026790734079279177,-0.20058651321289492
0.16928076171875,-0.11343907165527344,1.083758544921875,-0.035114043670623325,0.030959481482433392,-0.012915903690652278,-0.0049271035737552373,0.001258805458498595,0.10007099542000002,-0.0014678296043916705,0.0053288234908521774,0.0026790734079279177,-0.20058651321289492
0.17304783630371093,-0.10549671936035156,1.086779541015625,-0.03506201173851675,0.031005488686773185,-0.012932633600508472,-0.0049271035737552373,0.001258805458498595,0.10007099542000002,-0.0014678296043916705,0.0053288234908521774,0.0026790734079279177,-0.20058651321289492
0.16829534912109376,-0.09899415588378906,1.09258203125,-0.03506470924028963,0.0310052741026548,-0.012930724160424203,-0.0049271035737552373,0.001258805458498595,0.10007099542000002,-0.0014678296043916705,0.0053288234908521774,0.0026790734079279177,-0.20058651321289492
0.15688751220703126,-0.09518714141845704,1.084190673828125,-0.026391924444849155,0.03335706289620148,-0.013908215400475396,-0.0049271035737552373,0.001258805458498595,0.10007099542000002,-0.0014678296043916705,0.0053288234908521774,0.0026790734079279177,-0.20058651321289492
0.15802716064453126,-0.09977558898925781,1.07563037109375,-0.026377873783631076,0.03335430537436629,-0.013906929342531448,-0.0049271035737552373,0.001258805458498595,0.10007099542000002,-0.0014678296043916705,0.0053288234908521774,0.0026790734079279177,-0.20058651321289492
0.15784165954589843,-0.11035958862304687,1.07554345703125,-0.026383454805961836,0.03335635610259594,-0.013908773445286168,-0.0049271035737552373,0.001258805458498595,0.10007099542000002,-0.0014678296043916705,0.0053288234908521774,0.0026790734079279177,-0.20058651321289492
0.16268202209472657,-0.09837391662597657,1.101611572265625,-0.03651450366502338,0.02204453720102603,-0.01344072843303679,-0.0049271035737552373,0.001258805458498595,0.10007099542000002,-0.0014678296043916705,0.0053288234908521774,0.0026790734079279177,-0.20058651321289492
0.16888845825195312,-0.10412548828125,1.10425634765625,-0.036505142800356515,0.022019142335770084,-0.013439343208063751,-0.0049271035737552373,0.001258805458498595,0.10007099542000002,-0.0014678296043916705,0.0053288234908521774,0.0026790734079279177,-0.20058651321289492
0.168623046875,-0.11397175598144531,1.1023408203125,-0.03650329871718199,0.022021243916348087,-0.01344299053623814,-0.0049271035737552373,0.001258805458498595,0.10007099542000002,-0.0014678296043916705,0.0053288234908521774,0.0026790734079279177,-0.20058651321289492
0.17076119995117187,-0.11498133087158204,1.0883927001953124,-0.03509825872346375,0.030963961970029253,-0.01292862928557576,-0.0049271035737552373,0.001258805458498595,0.10007099542000002,-0.0014678296043916705,0.0053288234908521774,0.0026790734079279177,-0.20058651321289492
0.17343525695800782,-0.10619166564941407,1.0877659912109374,-0.03506851943185926,0.03100222940565951,-0.012917992774905228,-0.0049271035737552373,0.001258805458498595,0.10007099542000002,-0.0014678296043916705,0.0053288234908521774,0.0026790734079279177,-0.20058651321289492
0.1669954376220703,-0.09810691833496094,1.0880517578125,-0.035066904197394146,0.0310044315617654,-0.012917090221484413,-0.0049271035737552373,0.001258805458498595,0.10007099542000002,-0.0014678296043916705,0.0053288234908521774,0.0026790734079279177,-0.20058651321289492
0.15704049682617188,-0.10139264678955077,1.077833984375,-0.027111142809647982,0.03417041566717164,-0.009985827696600068,-0.0049271035737552373,0.001258805458498595,0.10007099542000002,-0.0014678296043916705,0.0053288234908521774,0.0026790734079279177,-0.20058651321289492
0.16048544311523438,-0.11018563842773438,1.073674560546875,-0.027111368599535,0.034172315652368626,-0.009985910861626457,-0.0049271035737552373,0.001258805458498595,0.10007099542000002,-0.0014678296043916705,0.0053288234908521774,0.0026790734079279177,-0.20058651321289492
0.1612657470703125,-0.11858665466308593,1.0804649658203125,-0.027109551487013953,0.03417278324924103,-0.009985003803626873,-0.0049271035737552373,0.001258805458498595,0.10007099542000002,-0.0014678296043916705,0.0053288234908521774,0.0026790734079279177,-0.20058651321289492
0.15900900268554688,-0.09392768859863282,1.094933349609375,-0.034530429479434695,0.02289047731577771,-0.016897090432019594,-0.0049271035737552373,0.001258805458498595,0.10007099542000002,-0.0014678296043916705,0.0053288234908521774,0.0026790734079279177,-0.20058651321289492
0.165232666015625,-0.09619328308105468,1.1006407470703126,-0.03451143479765339,0.022854639995632458,-0.01690075190238927,-0.0049271035737552373,0.001258805458498595,0.10007099542000002,-0.0014678296043916705,0.0053288234908521774,0.0026790734079279177,-0.20058651321289492
0.16756898498535155,-0.10523419189453125,1.1025003662109376,-0.03450981498337088,0.022854762630433838,-0.01690138227118098,-0.0049271035737552373,0.001258805458498595,0.10007099542000002,-0.0014678296043916705,0.0053288234908521774,0.0026790734079279177,-0.20058651321289492
0.17193994140625,-0.11236888122558594,1.0917606201171874,-0.0350703058688495,0.030982433893721434,-0.012931233277021222,-0.0049271035737552373,0.001258805458498595,0.10007099542000002,-0.0014678296043916705,0.0053288234908521774,0.0026790734079279177,-0.20058651321289492
0.17309559631347657,-0.10499278259277343,1.0873929443359376,-0.03505443515906416,0.031010638357617498,-0.012901895460977761,-0.0049271035737552373,0.001258805458498595,0.10007099542000002,-0.0014678296043916705,0.0053288234908521774,0.0026790734079279177,-0.20058651321289492
0.16535800170898438,-0.09928874969482422,1.08320703125,-0.03505580161757871,0.03101063933280518,-0.01290306309130825,-0.0049271035737552373,0.001258805458498595,0.10007099542000002,-0.0014678296043916705,0.0053288234908521774,0.0026790734079279177,-0.20058651321289492
0.15787771606445314,-0.10884454345703125,1.074666748046875,-0.02907333490373773,0.033358163609061874,-0.0065160754126018135,-0.0049271035737552373,0.001258805458498595,0.10007099542000002,-0.0014678296043916705,0.0053288234908521774,0.0026790734079279177,-0.20058651321289492
0.16337252807617186,-0.11762123107910157,1.076360595703125,-0.02906824334079457,0.033355927791204505,-0.0065132006280106585,-0.0049271035737552373,0.001258805458498595,0.10007099542000002,-0.0014678296043916705,0.0053288234908521774,0.0026790734079279177,-0.20058651321289492
0.16423887634277343,-0.12221543121337891,1.085234619140625,-0.029072100623192973,0.03335812241827565,-0.0065152875385357375,-0.0049271035737552373,0.001258805458498595,0.10007099542000002,-0.0014678296043916705,0.0053288234908521774,0.0026790734079279177,-0.20058651321289492
0.24609307861328125,-0.09842802429199218,1.0586669921875,-0.09395935011042643,0.0907693099597243,-0.030388926426438354,-0.0049271035737552373,0.001258805458498595,0.10007099542000002,-0.0014678296043916705,0.0053288234908521774,0.0026790734079279177,-0.20058651321289492
0.24565731811523436,-0.09441279602050781,1.0503966064453125,-0.09393127056293056,0.09076538122626068,-0.03036949321623325,-0.0049271035737552373,0.001258805458498595,0.10007099542000002,-0.0014678296043916705,0.0053288234908521774,0.0026790734079279177,-0.20058651321289492
0.24006092834472656,-0.08567118835449218,1.0476824951171875,-0.09393658754675846,0.09076694993429242,-0.030368962422925146,-0.0049271035737552373,0.001258805458498595,0.10007099542000002,-0.0014678296043916705,0.0053288234908521774,0.0026790734079279177,-0.20058651321289492
0.24673812866210937,-0.0758467788696289,1.055935546875,-0.0999389028772698,0.08845867388283293,-0.036750190704698614,-0.0049271035737552373,0.001258805458498595,0.10007099542000002,-0.0014678296043916705,0.0053288234908521774,0.0026790734079279177,-0.20058651321289492
0.2543380432128906,-0.08084264373779297,1.05910302734375,-0.09995839617346662,0.08842397809533795,-0.0367860646063485,-0.0049271035737552373,0.001258805458498595,0.10007099542000002,-0.0014678296043916705,0.0053288234908521774,0.0026790734079279177,-0.20058651321289492
0.25390005493164064,-0.08876653289794922,1.0644022216796876,-0.09995789102338141,0.0884223214221788,-0.03678654092694318,-0.0049271035737552373,0.001258805458498595,0.10007099542000002,-0.0014678296043916705,0.0053288234908521774,0.0026790734079279177,-0.20058651321289492
0.24948388671875,-0.082065185546875,1.0754384765625,-0.09943031413474701,0.08032027299694722,-0.04077338982101506,-0.0049271035737552373,0.001258805458498595,0.10007099542000002,-0.0014678296043916705,0.0053288234908521774,0.0026790734079279177,-0.20058651321289492
0.2475488586425781,-0.07295072937011719,1.074512939453125,-0.09942816429968422,0.08032015973301815,-0.04077630710539251,-0.0049271035737552373,0.001258805458498595,0.10007099542000002,-0.0014678296043916705,0.0053288234908521774,0.0026790734079279177,-0.20058651321289492
0.241021728515625,-0.07012802124023437,1.0682392578125,-0.09943082108257273,0.08032283840790133,-0.0407747607758221,-0.0049271035737552373,0.001258805458498595,0.10007099542000002,-0.0014678296043916705,0.0053288234908521774,0.0026790734079279177,-0.20058651321289492
0.24293896484375,-0.09415167999267578,1.05359521484375,-0.09200678956472247,0.09159858573025302,-0.03385016792864699,-0.0049271035737552373,0.001258805458498595,0.10007099542000002,-0.0014678296043916705,0.0053288234908521774,0.0026790734079279177,-0.20058651321289492
0.24255078125,-0.08641409301757813,1.0475919189453125,-0.09196975974229478,0.09159286759000693,-0.03384003651162715,-0.0049271035737552373,0.001258805458498595,0.10007099542000002,-0.0014678296043916705,0.0053288234908521774,0.0026790734079279177,-0.20058651321289492
0.23907640075683595,-0.07711741638183593,1.0512838134765625,-0.09197057445963967,0.09159356010735495,-0.03384209511032882,-0.0049271035737552373,0.001258805458498595,0.10007099542000002,-0.0014678296043916705,0.0053288234908521774,0.0026790734079279177,-0.20058651321289492
0.24854379272460939,-0.07398350524902343,1.0616109619140626,-0.09995021987401312,0.08845305754048553,-0.036782155811073046,-0.0049271035737552373,0.001258805458498595,0.10007099542000002,-0.0014678296043916705,0.0053288234908521774,0.0026790734079279177,-0.20058651321289492
0.25481515502929686,-0.08097645568847656,1.060359619140625,-0.09997539773151413,0.08842150022584028,-0.03678967366825567,-0.0049271035737552373,0.001258805458498595,0.10007099542000002,-0.0014678296043916705,0.0053288234908521774,0.0026790734079279177,-0.20058651321289492
0.25259884643554686,-0.09079032897949219,1.06109130859375,-0.09997371788720019,0.08842163021638383,-0.03678905550693273,-0.0049271035737552373,0.001258805458498595,0.10007099542000002,-0.0014678296043916705,0.0053288234908521774,0.0026790734079279177,-0.20058651321289492
0.2503096618652344,-0.09113015747070312,1.0753673095703125,-0.10141342665770933,0.07949585085178903,-0.037322364738224686,-0.0049271035737552373,0.001258805458498595,0.10007099542000002,-0.0014678296043916705,0.0053288234908521774,0.0026790734079279177,-0.20058651321289492
0.2513008117675781,-0.0817587432861328,1.078015625,-0.10141068704797318,0.0794883567393158,-0.0373178418653342,-0.0049271035737552373,0.001258805458498595,0.10007099542000002,-0.0014678296043916705,0.0053288234908521774,0.0026790734079279177,-0.20058651321289492
0.2449610137939453,-0.07488818359375,1.075808837890625,-0.10141487446660462,0.07949234114780492,-0.0373193827820843,-0.0049271035737552373,0.001258805458498595,0.10007099542000002,-0.0014678296043916705,0.0053288234908521774,0.0026790734079279177,-0.20058651321289492
0.2394893798828125,-0.0863369140625,1.0488861083984375,-0.09124403729679528,0.09078879879324726,-0.0377673246107408,-0.0049271035737552373,0.001258805458498595,0.10007099542000002,-0.0014678296043916705,0.0053288234908521774,0.0026790734079279177,-0.20058651321289492
0.23985971069335937,-0.07657241058349609,1.048549072265625,-0.09120231574252458,0.09077810735607675,-0.037762895547004786,-0.0049271035737552373,0.001258805458498595,0.10007099542000002,-0.0014678296043916705,0.0053288234908521774,0.0026790734079279177,-0.20058651321289492
0.23845906066894532,-0.07112057495117187,1.05687939453125,-0.09120900786938202,0.09077936126186212,-0.037762181746880626,-0.0049271035737552373,0.001258805458498595,0.10007099542000002,-0.0014678296043916705,0.0053288234908521774,0.0026790734079279177,-0.20058651321289492
0.249421142578125,-0.07450141906738281,1.0655380859375,-0.09991042288681717,0.08848835111106597,-0.03680438916182665,-0.0049271035737552373,0.001258805458498595,0.10007099542000002,-0.0014678296043916705,0.0053288234908521774,0.0026790734079279177,-0.20058651321289492
0.25419744873046873,-0.07970635986328126,1.0597413330078125,-0.09996363899227265,0.08843965580400924,-0.036782913272807805,-0.0049271035737552373,0.001258805458498595,0.10007099542000002,-0.0014678296043916705,0.0053288234908521774,0.0026790734079279177,-0.20058651321289492
0.2510321350097656,-0.08875198364257812,1.0564273681640626,-0.0999664994267996,0.08843468998534185,-0.036782192498811296,-0.0049271035737552373,0.001258805458498595,0.10007099542000002,-0.0014678296043916705,0.0053288234908521774,0.0026790734079279177,-0.20058651321289492
0.2503837127685547,-0.09609266662597657,1.068695068359375,-0.10215181963530713,0.08035120361718023,-0.03341340339212011,-0.0049271035737552373,0.001258805458498595,0.10007099542000002,-0.0014678296043916705,0.0053288234908521774,0.0026790734079279177,-0.20058651321289492
0.25282763671875,-0.08999526977539063,1.074865478515625,-0.10215054651493097,0.08034927069570243,-0.03341259890495795,-0.0049271035737552373,0.001258805458498595,0.10007099542000002,-0.0014678296043916705,0.0053288234908521774,0.0026790734079279177,-0.20058651321289492
0.24772586059570312,-0.08132548522949219,1.077906982421875,-0.10214994769652687,0.08034954746952849,-0.033412714558893,-0.0049271035737552373,0.001258805458498595,0.10007099542000002,-0.0014678296043916705,0.0053288234908521774,0.0026790734079279177,-0.20058651321289492
0.3296083984375,-0.05701912689208984,1.0509404296875,-0.16708215058917197,0.13783821434331023,-0.057274737225612826,-0.0049271035737552373,0.001258805458498595,0.10007099542000002,-0.0014678296043916705,0.0053288234908521774,0.0026790734079279177,-0.20058651321289492
0.33453961181640623,-0.06474592590332032,1.048649169921875,-0.16706756854077087,0.13778440011979587,-0.057252334469561884,-0.0049271035737552373,0.001258805458498595,0.10007099542000002,-0.0014678296043916705,0.0053288234908521774,0.0026790734079279177,-0.20058651321289492
0.33246527099609374,-0.071627197265625,1.0428798828125,-0.16706968424448562,0.1377853142934533,-0.05725092491430337,-0.0049271035737552373,0.001258805458498595,0.10007099542000002,-0.0014678296043916705,0.0053288234908521774,0.0026790734079279177,-0.20058651321289492
0.33288525390625,-0.06502269744873047,1.03048779296875,-0.1649320992953659,0.14590153181342166,-0.060633147196039405,-0.0049271035737552373,0.001258805458498595,0.10007099542000002,-0.0014678296043916705,0.0053288234908521774,0.0026790734079279177,-0.20058651321289492
0.3366236572265625,-0.05707128143310547,1.03364111328125,-0.16488580253981602,0.14594716861942825,-0.060649652382158976,-0.0049271035737552373,0.001258805458498595,0.10007099542000002,-0.0014678296043916705,0.0053288234908521774,0.0026790734079279177,-0.20058651321289492
0.331902587890625,-0.050628662109375,1.03957275390625,-0.16488634370228078,0.14594965178574523,-0.06065195946183267,-0.0049271035737552373,0.001258805458498595,0.10007099542000002,-0.0014678296043916705,0.0053288234908521774,0.0026790734079279177,-0.20058651321289492
0.320462646484375,-0.04679779052734375,1.030723876953125,-0.15621831874013753,0.14828960882660402,-0.061637151927979326,-0.0049271035737552373,0.001258805458498595,0.10007099542000002,-0.0014678296043916705,0.0053288234908521774,0.0026790734079279177,-0.20058651321289492
0.32156292724609375,-0.05141751098632812,1.0224703979492187,-0.15620380716680998,0.148287027691509,-0.061634307049589845,-0.0049271035737552373,0.001258805458498595,0.10007099542000002,-0.0014678296043916705,0.0053288234908521774,0.0026790734079279177,-0.20058651321289492
0.32143963623046873,-0.06200765228271484,1.0222730712890624,-0.15621366500009468,0.14829119553587447,-0.061635455264840475,-0.0049271035737552373,0.001258805458498595,0.10007099542000002,-0.0014678296043916705,0.0053288234908521774,0.0026790734079279177,-0.20058651321289492
0.32660052490234376,-0.05008001708984375,1.0493607177734374,-0.16635394033562237,0.13699239771344454,-0.06117409307410082,-0.0049271035737552373,0.001258805458498595,0.10007099542000002,-0.0014678296043916705,0.0053288234908521774,0.0026790734079279177,-0.20058651321289492
0.332732666015625,-0.05499297332763672,1.053407958984375,-0.16634514884357565,0.13696488983783123,-0.061172607700179196,-0.0049271035737552373,0.001258805458498595,0.10007099542000002,-0.0014678296043916705,0.0053288234908521774,0.0026790734079279177,-0.20058651321289492
0.3325758056640625,-0.0656491928100586,1.050114013671875,-0.1663448591134012,0.13696755857924747,-0.061174263815030674,-0.0049271035737552373,0.001258805458498595,0.10007099542000002,-0.0014678296043916705,0.0053288234908521774,0.0026790734079279177,-0.20058651321289492
0.33475640869140627,-0.06654251098632813,1.0361632080078125,-0.16493363256619042,0.14590540198924737,-0.060658748567082636,-0.0049271035737552373,0.001258805458498595,0.10007099542000002,-0.0014678296043916705,0.0053288234908521774,0.0026790734079279177,-0.20058651321289492
0.3373841552734375,-0.05772698974609375,1.0355067138671874,-0.1649053845209805,0.14594183027834598,-0.060648381243691034,-0.0049271035737552373,0.001258805458498595,0.10007099542000002,-0.0014678296043916705,0.0053288234908521774,0.0026790734079279177,-0.20058651321289492
0.3309032897949219,-0.049783012390136716,1.0356781005859375,-0.16490314741152465,0.1459446995340387,-0.060647558486644285,-0.0049271035737552373,0.001258805458498595,0.10007099542000002,-0.0014678296043916705,0.0053288234908521774,0.0026790734079279177,-0.20058651321289492
0.32098272705078124,-0.053079849243164064,1.025404541015625,-0.15694888106580127,0.1491074916621886,-0.057721165963880376,-0.0049271035737552373,0.001258805458498595,0.10007099542000002,-0.0014678296043916705,0.0053288234908521774,0.0026790734079279177,-0.20058651321289492
0.32449041748046875,-0.061914466857910154,1.021446533203125,-0.15694772959264688,0.14910728935083337,-0.05772074263927528,-0.0049271035737552373,0.001258805458498595,0.10007099542000002,-0.0014678296043916705,0.0053288234908521774,0.0026790734079279177,-0.20058651321289492
0.32522991943359375,-0.07018266296386719,1.027714599609375,-0.1569473619883215,0.14910646122498586,-0.05771885286658823,-0.0049271035737552373,0.001258805458498595,0.10007099542000002,-0.0014678296043916705,0.0053288234908521774,0.0026790734079279177,-0.20058651321289492
0.32283648681640625,-0.04603412628173828,1.041639892578125,-0.16438281182109585,0.13783715308217626,-0.06463373155143434,-0.0049271035737552373,0.001258805458498595,0.10007099542000002,-0.0014678296043916705,0.0053288234908521774,0.0026790734079279177,-0.20058651321289492
0.32899789428710935,-0.04822923278808594,1.04750244140625,-0.16436283624806478,0.13780026632720613,-0.06463923273944827,-0.0049271035737552373,0.001258805458498595,0.10007099542000002,-0.0014678296043916705,0.0053288234908521774,0.0026790734079279177,-0.20058651321289492
0.33136773681640624,-0.05732809829711914,1.04876708984375,-0.16436228601280015,0.13779843471250422,-0.06464088607761356,-0.0049271035737552373,0.001258805458498595,0.10007099542000002,-0.0014678296043916705,0.0053288234908521774,0.0026790734079279177,-0.20058651321289492
0.33576483154296877,-0.06457636260986328,1.0387103271484375,-0.16491817889516575,0.14592282218147062,-0.06066888161737773,-0.0049271035737552373,0.001258805458498595,0.10007099542000002,-0.0014678296043916705,0.0053288234908521774,0.0026790734079279177,-0.20058651321289492
0.33690475463867187,-0.05720482635498047,1.034458740234375,-0.16490355640815904,0.14595101930645416,-0.060640983488935214,-0.0049271035737552373,0.001258805458498595,0.10007099542000002,-0.0014678296043916705,0.0053288234908521774,0.0026790734079279177,-0.20058651321289492
0.3292330322265625,-0.051522254943847656,1.03023828125,-0.16490312266799828,0.14595184771092398,-0.06064016394979539,-0.0049271035737552373,0.001258805458498595,0.10007099542000002,-0.0014678296043916705,0.0053288234908521774,0.0026790734079279177,-0.20058651321289492
0.32171273803710937,-0.061134895324707034,1.021482421875,-0.1589202260097213,0.14829626788715644,-0.05425725028110579,-0.0049271035737552373,0.001258805458498595,0.10007099542000002,-0.0014678296043916705,0.0053288234908521774,0.0026790734079279177,-0.20058651321289492
0.32725302124023437,-0.06982328796386719,1.0233411865234374,-0.1589162552129184,0.14829518957235793,-0.054254456288646294,-0.0049271035737552373,0.001258805458498595,0.10007099542000002,-0.0014678296043916705,0.0053288234908521774,0.0026790734079279177,-0.20058651321289492
0.32810028076171877,-0.07443205261230469,1.0323575439453125,-0.1589153193297749,0.1482943613059952,-0.05425411210070617,-0.0049271035737552373,0.001258805458498595,0.10007099542000002,-0.0014678296043916705,0.0053288234908521774,0.0026790734079279177,-0.20058651321289492
0.32109173583984374,-0.06913063049316406,1.1863421630859374,-0.21160432323442824,0.007347234509552233,-0.0733867114299466,-0.0049271035737552373,0.001258805458498595,0.10007099542000002,-0.0014678296043916705,0.0053288234908521774,0.0026790734079279177,-0.20058651321289492
0.3255071411132813,-0.06371173858642579,1.181211181640625,-0.21157206958319227,0.007351951826920515,-0.07336914213109606,-0.0049271035737552373,0.001258805458498595,0.10007099542000002,-0.0014678296043916705,0.0053288234908521774,0.0026790734079279177,-0.20058651321289492
0.321806884765625,-0.054798851013183596,1.1772945556640626,-0.21157561956017962,0.007341700005572469,-0.0733695938302914,-0.0049271035737552373,0.001258805458498595,0.10007099542000002,-0.0014678296043916705,0.0053288234908521774,0.0026790734079279177,-0.20058651321289492
0.3211688232421875,-0.046761890411376954,1.189369873046875,-0.2145200156052341,0.0005616426241835509,-0.07861445993297055,-0.0049271035737552373,0.001258805458498595,0.10007099542000002,-0.0014678296043916705,0.0053288234908521774,0.0026790734079279177,-0.20058651321289492
0.3257982177734375,-0.05234918212890625,1.1939310302734376,-0.21450968981081803,0.0005068998479551246,-0.07863969280306986,-0.0049271035737552373,0.001258805458498595,0.10007099542000002,-0.0014678296043916705,0.0053288234908521774,0.0026790734079279177,-0.20058651321289492
0.32297811889648437,-0.06128289794921875,1.1968350830078125,-0.2145100750534365,0.0004955375683271233,-0.07864248227169192,-0.0049271035737552373,0.001258805458498595,0.10007099542000002,-0.0014678296043916705,0.0053288234908521774,0.0026790734079279177,-0.20058651321289492
0.31154278564453125,-0.05659259796142578,1.22182421875,-0.20894879228419086,-0.006318582779748322,-0.08078276024344175,-0.0049271035737552373,0.001258805458498595,0.10007099542000002,-0.0014678296043916705,0.0053288234908521774,0.0026790734079279177,-0.20058651321289492
0.31001171875,-0.04673747253417969,1.2047080078125,-0.2089470021277234,-0.006325225483722603,-0.08078395734645048,-0.0049271035737552373,0.001258805458498595,0.10007099542000002,-0.0014678296043916705,0.0053288234908521774,0.0026790734079279177,-0.20058651321289492
0.30897186279296873,-0.04317106628417969,1.1954180908203125,-0.20895194552066576,-0.006328227769191832,-0.08078258786115328,-0.0049271035737552373,0.001258805458498595,0.10007099542000002,-0.0014678296043916705,0.0053288234908521774,0.0026790734079279177,-0.20058651321289492
0.321232666015625,-0.06369731903076171,1.181194091796875,-0.21027319839269168,0.008299705237863756,-0.07707237816282987,-0.0049271035737552373,0.001258805458498595,0.10007099542000002,-0.0014678296043916705,0.0053288234908521774,0.0026790734079279177,-0.20058651321289492
0.32381735229492187,-0.05500531005859375,1.1784473876953125,-0.2102419881915388,0.008317318346330729,-0.07706083187954813,-0.0049271035737552373,0.001258805458498595,0.10007099542000002,-0.0014678296043916705,0.0053288234908521774,0.0026790734079279177,-0.20058651321289492
0.31808709716796874,-0.04647086715698242,1.1804075927734374,-0.21023799958174758,0.008313996897851955,-0.07706288514948646,-0.0049271035737552373,0.001258805458498595,0.10007099542000002,-0.0014678296043916705,0.0053288234908521774,0.0026790734079279177,-0.20058651321289492
0.3186892395019531,-0.04606048583984375,1.19513623046875,-0.2145145481470106,0.0004781585774122065,-0.07863403946520146,-0.0049271035737552373,0.001258805458498595,0.10007099542000002,-0.0014678296043916705,0.0053288234908521774,0.0026790734079279177,-0.20058651321289492
0.3251357116699219,-0.05226659393310547,1.1959129638671875,-0.21451404861699166,0.00042862184860748405,-0.07863198323629121,-0.0049271035737552373,0.001258805458498595,0.10007099542000002,-0.0014678296043916705,0.0053288234908521774,0.0026790734079279177,-0.20058651321289492
0.3237779541015625,-0.062061195373535154,1.19476708984375,-0.21451404506724886,0.0004341164500152609,-0.07863198193510222,-0.0049271035737552373,0.001258805458498595,0.10007099542000002,-0.0014678296043916705,0.0053288234908521774,0.0026790734079279177,-0.20058651321289492
0.31336138916015627,-0.06572479248046875,1.20285791015625,-0.21028392078077604,-0.007423769967153203,-0.07708139322482503,-0.0049271035737552373,0.001258805458498595,0.10007099542000002,-0.0014678296043916705,0.0053288234908521774,0.0026790734079279177,-0.20058651321289492
0.31173501586914065,-0.0556536750793457,1.2135784912109375,-0.21027787314404783,-0.007427534099105588,-0.0770791764111809,-0.0049271035737552373,0.001258805458498595,0.10007099542000002,-0.0014678296043916705,0.0053288234908521774,0.0026790734079279177,-0.20058651321289492
0.30726611328125,-0.049412559509277344,1.203913818359375,-0.2102775564592737,-0.0074303688168325995,-0.07707906032763293,-0.0049271035737552373,0.001258805458498595,0.10007099542000002,-0.0014678296043916705,0.0053288234908521774,0.0026790734079279177,-0.20058651321289492
0.3205748291015625,-0.05495056915283203,1.177816162109375,-0.20889722953252912,0.007241518945492425,-0.08076298366206833,-0.0049271035737552373,0.001258805458498595,0.10007099542000002,-0.0014678296043916705,0.0053288234908521774,0.0026790734079279177,-0.20058651321289492
0.32009613037109375,-0.045610084533691406,1.17899462890625,-0.2088527704482574,0.0072627325296329,-0.08075774792467925,-0.0049271035737552373,0.001258805458498595,0.10007099542000002,-0.0014678296043916705,0.0053288234908521774,0.0026790734079279177,-0.20058651321289492
0.31372833251953125,-0.041448654174804686,1.1854071044921874,-0.20885525181096998,0.007256016717856314,-0.08076072002039693,-0.0049271035737552373,0.001258805458498595,0.10007099542000002,-0.0014678296043916705,0.0053288234908521774,0.0026790734079279177,-0.20058651321289492
0.317162109375,-0.04674637603759765,1.1980106201171874,-0.21449771358489053,0.000502699436901097,-0.07866767838437513,-0.0049271035737552373,0.001258805458498595,0.10007099542000002,-0.0014678296043916705,0.0053288234908521774,0.0026790734079279177,-0.20058651321289492
0.3248483276367187,-0.051028114318847656,1.1952894287109375,-0.21451141038236693,0.0004359313604945462,-0.07863166029787992,-0.0049271035737552373,0.001258805458498595,0.10007099542000002,-0.0014678296043916705,0.0053288234908521774,0.0026790734079279177,-0.20058651321289492
0.325552734375,-0.05876319885253906,1.189743896484375,-0.2145149224504348,0.0004305516516571746,-0.078629638057592,-0.0049271035737552373,0.001258805458498595,0.10007099542000002,-0.0014678296043916705,0.0053288234908521774,0.0026790734079279177,-0.20058651321289492
0.31800921630859375,-0.06836091613769531,1.1976622314453125,-0.21166582736052225,-0.006366088537604346,-0.07340838984621152,-0.0049271035737552373,0.001258805458498595,0.10007099542000002,-0.0014678296043916705,0.0053288234908521774,0.0026790734079279177,-0.20058651321289492
0.3156728515625,-0.06518184661865234,1.204796630859375,-0.2116637781696994,-0.006368824281329541,-0.07340595965317462,-0.0049271035737552373,0.001258805458498595,0.10007099542000002,-0.0014678296043916705,0.0053288234908521774,0.0026790734079279177,-0.20058651321289492
0.3098751525878906,-0.05464002227783203,1.2100341796875,-0.21166704446368584,-0.006366086080173436,-0.07340883596459755,-0.0049271035737552373,0.001258805458498595,0.10007099542000002,-0.0014678296043916705,0.0053288234908521774,0.0026790734079279177,-0.20058651321289492
0.23129371643066407,-0.08094438171386718,1.174479736328125,-0.12725660666004535,-0.006568132686833889,-0.04246308670013498,-0.0049271035737552373,0.001258805458498595,0.10007099542000002,-0.0014678296043916705,0.0053288234908521774,0.0026790734079279177,-0.20058651321289492
0.23719766235351564,-0.09033799743652343,1.17028515625,-0.1272150371972133,-0.0065932567735540225,-0.04243071443585438,-0.0049271035737552373,0.001258805458498595,0.10007099542000002,-0.0014678296043916705,0.0053288234908521774,0.0026790734079279177,-0.20058651321289492
0.23951577758789064,-0.09460987854003906,1.16391455078125,-0.1272140397548432,-0.006595869098677514,-0.04243001674599684,-0.0049271035737552373,0.001258805458498595,0.10007099542000002,-0.0014678296043916705,0.0053288234908521774,0.0026790734079279177,-0.20058651321289492
0.2469434814453125,-0.08567394256591797,1.1557730712890626,-0.13011447659047437,0.00018318376285795642,-0.047656980114414334,-0.0049271035737552373,0.001258805458498595,0.10007099542000002,-0.0014678296043916705,0.0053288234908521774,0.0026790734079279177,-0.20058651321289492
0.24705450439453125,-0.07891503143310546,1.161493408203125,-0.13009903585643492,0.0002445547888092846,-0.047687923916080094,-0.0049271035737552373,0.001258805458498595,0.10007099542000002,-0.0014678296043916705,0.0053288234908521774,0.0026790734079279177,-0.20058651321289492
0.23919978332519531,-0.07354353332519531,1.164687744140625,-0.13010168786664256,0.00024348229018742086,-0.04768823367792153,-0.0049271035737552373,0.001258805458498595,0.10007099542000002,-0.0014678296043916705,0.0053288234908521774,0.0026790734079279177,-0.20058651321289492
0.23519143676757812,-0.06774118041992187,1.15184814453125,-0.12451616124927566,0.007022011292832345,-0.04981410550661243,-0.0049271035737552373,0.001258805458498595,0.10007099542000002,-0.0014678296043916705,0.0053288234908521774,0.0026790734079279177,-0.20058651321289492
0.24142225646972656,-0.07100044250488281,1.14510888671875,-0.1245047946041877,0.007026342854656136,-0.04981261482037078,-0.0049271035737552373,0.001258805458498595,0.10007099542000002,-0.0014678296043916705,0.0053288234908521774,0.0026790734079279177,-0.20058651321289492
0.2423330841064453,-0.08102630615234375,1.1436378173828126,-0.12451291262332698,0.00702418238500878,-0.049814253055394164,-0.0049271035737552373,0.001258805458498595,0.10007099542000002,-0.0014678296043916705,0.0053288234908521774,0.0026790734079279177,-0.20058651321289492
0.22899710083007813,-0.0747329330444336,1.168912841796875,-0.12586661874331562,-0.007645219921906331,-0.04611879015023283,-0.0049271035737552373,0.001258805458498595,0.10007099542000002,-0.0014678296043916705,0.0053288234908521774,0.0026790734079279177,-0.20058651321289492
0.23497384643554686,-0.09087303924560547,1.168544921875,-0.12583623646222264,-0.007661465801493001,-0.04611292004365113,-0.0049271035737552373,0.001258805458498595,0.10007099542000002,-0.0014678296043916705,0.0053288234908521774,0.0026790734079279177,-0.20058651321289492
0.24499217224121095,-0.08842577362060547,1.1608271484375,-0.13010323153803544,0.0001774950909264841,-0.04768019791218426,-0.0049271035737552373,0.001258805458498595,0.10007099542000002,-0.0014678296043916705,0.0053288234908521774,0.0026790734079279177,-0.20058651321289492
0.246938232421875,-0.07949296569824219,1.16211376953125,-0.13010085213179473,0.0002259830119724148,-0.04767933728533221,-0.0049271035737552373,0.001258805458498595,0.10007099542000002,-0.0014678296043916705,0.0053288234908521774,0.0026790734079279177,-0.20058651321289492
0.2406649169921875,-0.07215655517578125,1.16090673828125,-0.13010083960079072,0.00023344335271318202,-0.04767933269297208,-0.0049271035737552373,0.001258805458498595,0.10007099542000002,-0.0014678296043916705,0.0053288234908521774,0.0026790734079279177,-0.20058651321289492
0.23965252685546876,-0.07269352722167968,1.145845703125,-0.12586205666236805,0.008073656449680095,-0.046125904271184084,-0.0049271035737552373,0.001258805458498595,0.10007099542000002,-0.0014678296043916705,0.0053288234908521774,0.0026790734079279177,-0.20058651321289492
0.24546749877929688,-0.08075982666015626,1.14370458984375,-0.1258600396861419,0.008074909252263627,-0.046125165090093366,-0.0049271035737552373,0.001258805458498595,0.10007099542000002,-0.0014678296043916705,0.0053288234908521774,0.0026790734079279177,-0.20058651321289492
0.24303695678710938,-0.09003636169433593,1.146988525390625,-0.12586205666236805,0.008073656449680095,-0.046125904271184084,-0.0049271035737552373,0.001258805458498595,0.10007099542000002,-0.0014678296043916705,0.0053288234908521774,0.0026790734079279177,-0.20058651321289492
0.23043191528320311,-0.0689055938720703,1.16114697265625,-0.12452972996610624,-0.0065848177623936705,-0.049816727251752936,-0.0049271035737552373,0.001258805458498595,0.10007099542000002,-0.0014678296043916705,0.0053288234908521774,0.0026790734079279177,-0.20058651321289492
0.2315634765625,-0.07194379425048827,1.169701904296875,-0.12449393095726417,-0.006601681222830918,-0.04981393276452168,-0.0049271035737552373,0.001258805458498595,0.10007099542000002,-0.0014678296043916705,0.0053288234908521774,0.0026790734079279177,-0.20058651321289492
0.23199169921875,-0.08173491668701172,1.1842314453125,-0.12449363893825703,-0.006601935531862537,-0.04981601244517467,-0.0049271035737552373,0.001258805458498595,0.10007099542000002,-0.0014678296043916705,0.0053288234908521774,0.0026790734079279177,-0.20058651321289492
0.24396688842773437,-0.08705166625976563,1.163285400390625,-0.13009040645586858,0.00019825860251457207,-0.04769273649612466,-0.0049271035737552373,0.001258805458498595,0.10007099542000002,-0.0014678296043916705,0.0053288234908521774,0.0026790734079279177,-0.20058651321289492
0.24697543334960936,-0.07874713134765625,1.161217041015625,-0.1300985127155661,0.00023918190653481337,-0.04767055484986902,-0.0049271035737552373,0.001258805458498595,0.10007099542000002,-0.0014678296043916705,0.0053288234908521774,0.0026790734079279177,-0.20058651321289492
0.24261676025390624,-0.07237327575683594,1.156138916015625,-0.13009788182102475,0.00023594996257238448,-0.04767230720077858,-0.0049271035737552373,0.001258805458498595,0.10007099542000002,-0.0014678296043916705,0.0053288234908521774,0.0026790734079279177,-0.20058651321289492
0.24281271362304688,-0.08001753997802734,1.1432457275390624,-0.1271965364498302,0.007027556784643237,-0.042428174519007864,-0.0049271035737552373,0.001258805458498595,0.10007099542000002,-0.0014678296043916705,0.0053288234908521774,0.0026790734079279177,-0.20058651321289492
0.24695928955078125,-0.08878211975097657,1.1463582763671876,-0.1271923412311046,0.0070307994943261615,-0.04242463786842994,-0.0049271035737552373,0.001258805458498595,0.10007099542000002,-0.0014678296043916705,0.0053288234908521774,0.0026790734079279177,-0.20058651321289492
0.2425872802734375,-0.09492315673828125,1.15222216796875,-0.12719473275567342,0.007028637491307461,-0.042426846792910484,-0.0049271035737552373,0.001258805458498595,0.10007099542000002,-0.0014678296043916705,0.0053288234908521774,0.0026790734079279177,-0.20058651321289492
0.16399241638183593,-0.12045713806152344,1.118061279296875,-0.04271660154865179,0.006874690012853013,-0.011469098914634178,-0.0049271035737552373,0.001258805458498595,0.10007099542000002,-0.0014678296043916705,0.0053288234908521774,0.0026790734079279177,-0.20058651321289492
0.1683564147949219,-0.11502050018310547,1.1127822265625,-0.042682491579416684,0.00689386594325812,-0.011444977496659275,-0.0049271035737552373,0.001258805458498595,0.10007099542000002,-0.0014678296043916705,0.0053288234908521774,0.0026790734079279177,-0.20058651321289492
0.16465805053710938,-0.10603376007080079,1.108995361328125,-0.042684479026721914,0.006892793602460504,-0.011445643242996907,-0.0049271035737552373,0.001258805458498595,0.10007099542000002,-0.0014678296043916705,0.0053288234908521774,0.0026790734079279177,-0.20058651321289492
0.16403338623046876,-0.09807479858398438,1.12116650390625,-0.04561996469778587,0.00011848115032630531,-0.016691940428114335,-0.0049271035737552373,0.001258805458498595,0.10007099542000002,-0.0014678296043916705,0.0053288234908521774,0.0026790734079279177,-0.20058651321289492
0.16877581787109375,-0.10369007110595703,1.126018798828125,-0.04561131777912277,7.36312583208017e-05,-0.016716181991683933,-0.0049271035737552373,0.001258805458498595,0.10007099542000002,-0.0014678296043916705,0.0053288234908521774,0.0026790734079279177,-0.20058651321289492
0.16590118408203125,-0.11258552551269531,1.1286209716796876,-0.04561110541846911,7.255446324861821e-05,-0.016716766319806214,-0.0049271035737552373,0.001258805458498595,0.10007099542000002,-0.0014678296043916705,0.0053288234908521774,0.0026790734079279177,-0.20058651321289492
0.152241943359375,-0.1081678695678711,1.1497742919921874,-0.04004752312522983,-0.006731677815696578,-0.018855632399970033,-0.0049271035737552373,0.001258805458498595,0.10007099542000002,-0.0014678296043916705,0.0053288234908521774,0.0026790734079279177,-0.20058651321289492
0.15292178344726562,-0.09802212524414063,1.13618212890625,-0.04004268075224482,-0.006734809621604015,-0.018857385134655708,-0.0049271035737552373,0.001258805458498595,0.10007099542000002,-0.0014678296043916705,0.0053288234908521774,0.0026790734079279177,-0.20058651321289492
0.15189309692382813,-0.09445162963867187,1.1270308837890626,-0.04004359044900988,-0.006733175342669782,-0.018856714149939717,-0.0049271035737552373,0.001258805458498595,0.10007099542000002,-0.0014678296043916705,0.0053288234908521774,0.0026790734079279177,-0.20058651321289492
0.16446498107910157,-0.11542324066162109,1.112480712890625,-0.04136964527483161,0.007917462119335875,-0.015152067472123098,-0.0049271035737552373,0.001258805458498595,0.10007099542000002,-0.0014678296043916705,0.0053288234908521774,0.0026790734079279177,-0.20058651321289492
0.16702713012695314,-0.1067738037109375,1.1094205322265625,-0.041337545413146486,0.00793744792328825,-0.015143429869754073,-0.0049271035737552373,0.001258805458498595,0.10007099542000002,-0.0014678296043916705,0.0053288234908521774,0.0026790734079279177,-0.20058651321289492
0.16134840393066407,-0.09817466735839844,1.111422119140625,-0.04133427057893565,0.007938693780754968,-0.015146107558398987,-0.0049271035737552373,0.001258805458498595,0.10007099542000002,-0.0014678296043916705,0.0053288234908521774,0.0026790734079279177,-0.20058651321289492
0.1620252685546875,-0.09764578247070313,1.12613134765625,-0.045604946613043075,0.0001004548129260277,-0.016714484878627506,-0.0049271035737552373,0.001258805458498595,0.10007099542000002,-0.0014678296043916705,0.0053288234908521774,0.0026790734079279177,-0.20058651321289492
0.16853326416015624,-0.10397727966308594,1.127168212890625,-0.04560381728030198,5.5690929831325045e-05,-0.01671408096798766,-0.0049271035737552373,0.001258805458498595,0.10007099542000002,-0.0014678296043916705,0.0053288234908521774,0.0026790734079279177,-0.20058651321289492
0.16711563110351563,-0.11379519653320312,1.1254349365234375,-0.04560381844427292,5.569092947669383e-05,-0.016714077792132267,-0.0049271035737552373,0.001258805458498595,0.10007099542000002,-0.0014678296043916705,0.0053288234908521774,0.0026790734079279177,-0.20058651321289492
0.15677146911621093,-0.11723922729492188,1.133845703125,-0.04137258479604433,-0.007798755328923359,-0.015162942408656828,-0.0049271035737552373,0.001258805458498595,0.10007099542000002,-0.0014678296043916705,0.0053288234908521774,0.0026790734079279177,-0.20058651321289492
0.1543895263671875,-0.10747501373291016,1.1426834716796874,-0.04136932623371731,-0.007800636488025888,-0.015162472953279419,-0.0049271035737552373,0.001258805458498595,0.10007099542000002,-0.0014678296043916705,0.0053288234908521774,0.0026790734079279177,-0.20058651321289492
0.150593994140625,-0.10093394470214843,1.134848388671875,-0.041369234413268896,-0.007800011498543078,-0.015162076899969889,-0.0049271035737552373,0.001258805458498595,0.10007099542000002,-0.0014678296043916705,0.0053288234908521774,0.0026790734079279177,-0.20058651321289492
0.16359759521484374,-0.10685163116455078,1.1095634765625,-0.03998611548853839,0.006881916322026476,-0.018843293899544766,-0.0049271035737552373,0.001258805458498595,0.10007099542000002,-0.0014678296043916705,0.0053288234908521774,0.0026790734079279177,-0.20058651321289492
0.163263427734375,-0.09750484466552735,1.110671142578125,-0.03994715625644944,0.006900175203312202,-0.018839542591002248,-0.0049271035737552373,0.001258805458498595,0.10007099542000002,-0.0014678296043916705,0.0053288234908521774,0.0026790734079279177,-0.20058651321289492
0.15686483764648437,-0.09332638549804688,1.1169588623046875,-0.039950851110023514,0.006897207923125743,-0.018841827375611644,-0.0049271035737552373,0.001258805458498595,0.10007099542000002,-0.0014678296043916705,0.0053288234908521774,0.0026790734079279177,-0.20058651321289492
0.1603702392578125,-0.09873855590820313,1.129822265625,-0.045584516565949945,0.00013638981343119583,-0.01674671447891576,-0.0049271035737552373,0.001258805458498595,0.10007099542000002,-0.0014678296043916705,0.0053288234908521774,0.0026790734079279177,-0.20058651321289492
0.16801583862304686,-0.10293345642089843,1.1273369140625,-0.045601467235756483,7.071188227482521e-05,-0.01671293582572083,-0.0049271035737552373,0.001258805458498595,0.10007099542000002,-0.0014678296043916705,0.0053288234908521774,0.0026790734079279177,-0.20058651321289492
0.16858270263671876,-0.11067063903808594,1.121175048828125,-0.045601238703440024,6.64022465387621e-05,-0.0167098049442104,-0.0049271035737552373,0.001258805458498595,0.10007099542000002,-0.0014678296043916705,0.0053288234908521774,0.0026790734079279177,-0.20058651321289492
0.1610589599609375,-0.12028483581542969,1.129297607421875,-0.0427509002090979,-0.0067244328938130095,-0.01149334062104701,-0.0049271035737552373,0.001258805458498595,0.10007099542000002,-0.0014678296043916705,0.0053288234908521774,0.0026790734079279177,-0.20058651321289492
0.1588380126953125,-0.11658004760742187,1.136024169921875,-0.04274878803409649,-0.0067252547307696175,-0.011489679098297574,-0.0049271035737552373,0.001258805458498595,0.10007099542000002,-0.0014678296043916705,0.0053288234908521774,0.0026790734079279177,-0.20058651321289492
0.15252474975585936,-0.10682896423339844,1.1392598876953124,-0.04275205318819037,-0.0067225160193920335,-0.01149255699471606,-0.0049271035737552373,0.001258805458498595,0.10007099542000002,-0.0014678296043916705,0.0053288234908521774,0.0026790734079279177,-0.20058651321289492
0.13481179809570312,-0.127411865234375,1.15167431640625,-0.029063457460069712,-0.033365236686450195,-0.006462768869683452,-0.0049271035737552373,0.001258805458498595,0.10007099542000002,-0.0014678296043916705,0.0053288234908521774,0.0026790734079279177,-0.20058651321289492
0.14474868774414062,-0.11699986267089844,1.15209033203125,-0.03505170857196628,-0.03105035373315043,-0.012822885932998556,-0.0049271035737552373,0.001258805458498595,0.10007099542000002,-0.0014678296043916705,0.0053288234908521774,0.0026790734079279177,-0.20058651321289492
0.14113800048828126,-0.11132416534423828,1.1571129150390624,-0.03507351853986537,-0.031005734726172355,-0.01286662888993511,-0.0049271035737552373,0.001258805458498595,0.10007099542000002,-0.0014678296043916705,0.0053288234908521774,0.0026790734079279177,-0.20058651321289492
0.1320496826171875,-0.10657453918457031,1.156796630859375,-0.03507262127509544,-0.031006887467685262,-0.012866296830377454,-0.0049271035737552373,0.001258805458498595,0.10007099542000002,-0.0014678296043916705,0.0053288234908521774,0.0026790734079279177,-0.20058651321289492
0.13630046081542968,-0.09839138793945312,1.1452330322265625,-0.0345440815310496,-0.022910029037689628,-0.016844371745756016,-0.0049271035737552373,0.001258805458498595,0.10007099542000002,-0.0014678296043916705,0.0053288234908521774,0.0026790734079279177,-0.20058651321289492
0.1454337921142578,-0.10069713592529297,1.1437381591796876,-0.034539185954367425,-0.022904072265327726,-0.016844916574534304,-0.0049271035737552373,0.001258805458498595,0.10007099542000002,-0.0014678296043916705,0.0053288234908521774,0.0026790734079279177,-0.20058651321289492
0.1482083282470703,-0.10983187866210938,1.140842529296875,-0.03454016832244815,-0.022908056659610133,-0.016846776789416505,-0.0049271035737552373,0.001258805458498595,0.10007099542000002,-0.0014678296043916705,0.0053288234908521774,0.0026790734079279177,-0.20058651321289492
0.12200572204589843,-0.10815576934814453,1.152832763671875,-0.02707106627353054,-0.03418058659985568,-0.009913772689334233,-0.0049271035737552373,0.001258805458498595,0.10007099542000002,-0.0014678296043916705,0.0053288234908521774,0.0026790734079279177,-0.20058651321289492
0.14074185180664062,-0.1207765884399414,1.153638427734375,-0.035033775499718686,-0.031062097349058147,-0.012843457440008171,-0.0049271035737552373,0.001258805458498595,0.10007099542000002,-0.0014678296043916705,0.0053288234908521774,0.0026790734079279177,-0.20058651321289492
0.13553311157226564,-0.1046431884765625,1.15509375,-0.03506552278168483,-0.031021345868642382,-0.012855721569069122,-0.0049271035737552373,0.001258805458498595,0.10007099542000002,-0.0014678296043916705,0.0053288234908521774,0.0026790734079279177,-0.20058651321289492
0.1441037139892578,-0.10230209350585938,1.1426619873046875,-0.036520299274444994,-0.02210553217927625,-0.013390505697451196,-0.0049271035737552373,0.001258805458498595,0.10007099542000002,-0.0014678296043916705,0.0053288234908521774,0.0026790734079279177,-0.20058651321289492
0.15065347290039063,-0.10972637176513672,1.1433876953125,-0.036521038276355555,-0.022108170461743036,-0.013390456389369025,-0.0049271035737552373,0.001258805458498595,0.10007099542000002,-0.0014678296043916705,0.0053288234908521774,0.0026790734079279177,-0.20058651321289492
0.14791204833984375,-0.1193049087524414,1.142134765625,-0.03652146640236047,-0.022110808987509945,-0.013391252977599346,-0.0049271035737552373,0.001258805458498595,0.10007099542000002,-0.0014678296043916705,0.0053288234908521774,0.0026790734079279177,-0.20058651321289492
0.12689154052734375,-0.10115300750732421,1.149372314453125,-0.026375957466171576,-0.03337985833787703,-0.013846562651125329,-0.0049271035737552373,0.001258805458498595,0.10007099542000002,-0.0014678296043916705,0.0053288234908521774,0.0026790734079279177,-0.20058651321289492
0.12274458312988282,-0.105875732421875,1.155853759765625,-0.026338662389432548,-0.03337281975720739,-0.013845888822344155,-0.0049271035737552373,0.001258805458498595,0.10007099542000002,-0.0014678296043916705,0.0053288234908521774,0.0026790734079279177,-0.20058651321289492
0.13824127197265626,-0.12017676544189453,1.154115234375,-0.03503649126885419,-0.03104727601133595,-0.012862312416282775,-0.0049271035737552373,0.001258805458498595,0.10007099542000002,-0.0014678296043916705,0.0053288234908521774,0.0026790734079279177,-0.20058651321289492
0.1409156494140625,-0.11092799377441406,1.157545654296875,-0.035067765990299996,-0.031019148330314352,-0.012849989935021521,-0.0049271035737552373,0.001258805458498595,0.10007099542000002,-0.0014678296043916705,0.0053288234908521774,0.0026790734079279177,-0.20058651321289492
0.139991455078125,-0.10385607147216797,1.151928466796875,-0.03506417551900552,-0.03101915055602495,-0.012849995848038547,-0.0049271035737552373,0.001258805458498595,0.10007099542000002,-0.0014678296043916705,0.0053288234908521774,0.0026790734079279177,-0.20058651321289492
0.14843222045898438,-0.10904063415527344,1.1416883544921874,-0.03723568850377852,-0.022901377915287065,-0.009467114543926642,-0.0049271035737552373,0.001258805458498595,0.10007099542000002,-0.0014678296043916705,0.0053288234908521774,0.0026790734079279177,-0.20058651321289492
0.15086320495605468,-0.11803411865234376,1.144224853515625,-0.03723389672717149,-0.022898033427953483,-0.009461416566091485,-0.0049271035737552373,0.001258805458498595,0.10007099542000002,-0.0014678296043916705,0.0053288234908521774,0.0026790734079279177,-0.20058651321289492
0.1442977294921875,-0.1251425018310547,1.145111328125,-0.03723435298422976,-0.022901323674442864,-0.009463545362893405,-0.0049271035737552373,0.001258805458498595,0.10007099542000002,-0.0014678296043916705,0.0053288234908521774,0.0026790734079279177,-0.20058651321289492
0.18272247314453124,-0.10982818603515625,1.224327392578125,-0.102115588892467,-0.08036158837579116,-0.03324972547604586,-0.0049271035737552373,0.001258805458498595,0.10007099542000002,-0.0014678296043916705,0.0053288234908521774,0.0026790734079279177,-0.20058651321289492
0.18899172973632813,-0.10349714660644531,1.22359521484375,-0.10211005746395613,-0.08032960796986474,-0.033236193637739414,-0.0049271035737552373,0.001258805458498595,0.10007099542000002,-0.0014678296043916705,0.0053288234908521774,0.0026790734079279177,-0.20058651321289492
0.18736279296875,-0.09429502868652344,1.221087890625,-0.10211286198448005,-0.08033272947471767,-0.033235696945145485,-0.0049271035737552373,0.001258805458498595,0.10007099542000002,-0.0014678296043916705,0.0053288234908521774,0.0026790734079279177,-0.20058651321289492
0.17895567321777345,-0.08862158203125,1.2305989990234374,-0.0999835597772558,-0.08845990827651243,-0.036625540436045344,-0.0049271035737552373,0.001258805458498595,0.10007099542000002,-0.0014678296043916705,0.0053288234908521774,0.0026790734079279177,-0.20058651321289492
0.18037124633789062,-0.0948175048828125,1.23608447265625,-0.099948396020899,-0.08849394936440613,-0.036639808378336025,-0.0049271035737552373,0.001258805458498595,0.10007099542000002,-0.0014678296043916705,0.0053288234908521774,0.0026790734079279177,-0.20058651321289492
0.17730288696289062,-0.10481001281738281,1.23359326171875,-0.09994768679111982,-0.08849809077762252,-0.03664153464132008,-0.0049271035737552373,0.001258805458498595,0.10007099542000002,-0.0014678296043916705,0.0053288234908521774,0.0026790734079279177,-0.20058651321289492
0.16082586669921875,-0.09142887115478515,1.235279296875,-0.09126949988238527,-0.09084960637474905,-0.03764010616538605,-0.0049271035737552373,0.001258805458498595,0.10007099542000002,-0.0014678296043916705,0.0053288234908521774,0.0026790734079279177,-0.20058651321289492
0.1653274230957031,-0.08591012573242188,1.228707763671875,-0.09127488903220994,-0.09085170219658571,-0.037640406975677165,-0.0049271035737552373,0.001258805458498595,0.10007099542000002,-0.0014678296043916705,0.0053288234908521774,0.0026790734079279177,-0.20058651321289492
0.186052978515625,-0.10344696044921875,1.22146923828125,-0.10141945765281768,-0.07959164258155689,-0.037169213921312394,-0.0049271035737552373,0.001258805458498595,0.10007099542000002,-0.0014678296043916705,0.0053288234908521774,0.0026790734079279177,-0.20058651321289492
0.18875555419921874,-0.09449030303955078,1.222829345703125,-0.10140404133597686,-0.0795534254168344,-0.037168809467399304,-0.0049271035737552373,0.001258805458498595,0.10007099542000002,-0.0014678296043916705,0.0053288234908521774,0.0026790734079279177,-0.20058651321289492
0.18228070068359375,-0.08664838409423828,1.22218798828125,-0.10140320320216767,-0.07955075169366305,-0.03717025935273845,-0.0049271035737552373,0.001258805458498595,0.10007099542000002,-0.0014678296043916705,0.0053288234908521774,0.0026790734079279177,-0.20058651321289492
0.17365234375,-0.0890426254272461,1.2341090087890625,-0.09996863499630675,-0.08848798281865372,-0.036647861341350986,-0.0049271035737552373,0.001258805458498595,0.10007099542000002,-0.0014678296043916705,0.0053288234908521774,0.0026790734079279177,-0.20058651321289492
0.1786453399658203,-0.09468671417236328,1.2393046875,-0.0999421439827476,-0.08851788994474974,-0.03663816462774582,-0.0049271035737552373,0.001258805458498595,0.10007099542000002,-0.0014678296043916705,0.0053288234908521774,0.0026790734079279177,-0.20058651321289492
0.17964022827148438,-0.10484942626953125,1.2328836669921874,-0.09994447071935413,-0.08851694182309597,-0.03663901399218325,-0.0049271035737552373,0.001258805458498595,0.10007099542000002,-0.0014678296043916705,0.0053288234908521774,0.0026790734079279177,-0.20058651321289492
0.159895751953125,-0.09347541809082031,1.232473388671875,-0.09196775783055923,-0.0916635041687079,-0.033714801246439136,-0.0049271035737552373,0.001258805458498595,0.10007099542000002,-0.0014678296043916705,0.0053288234908521774,0.0026790734079279177,-0.20058651321289492
0.18648068237304688,-0.09429884338378906,1.220029296875,-0.09941850750613558,-0.080372541032598,-0.04063866061275427,-0.0049271035737552373,0.001258805458498595,0.10007099542000002,-0.0014678296043916705,0.0053288234908521774,0.0026790734079279177,-0.20058651321289492
0.1842760009765625,-0.0857624282836914,1.222818359375,-0.09940097952083068,-0.08033552451952075,-0.040641643052085445,-0.0049271035737552373,0.001258805458498595,0.10007099542000002,-0.0014678296043916705,0.0053288234908521774,0.0026790734079279177,-0.20058651321289492
0.1750784912109375,-0.0826744384765625,1.224187255859375,-0.09940210513918547,-0.08033772812914955,-0.04064139569805123,-0.0049271035737552373,0.001258805458498595,0.10007099542000002,-0.0014678296043916705,0.0053288234908521774,0.0026790734079279177,-0.20058651321289492
0.17045831298828126,-0.09043197631835938,1.235348876953125,-0.09997869956655314,-0.0884556174814042,-0.036692583532550616,-0.0049271035737552373,0.001258805458498595,0.10007099542000002,-0.0014678296043916705,0.0053288234908521774,0.0026790734079279177,-0.20058651321289492
0.17861807250976564,-0.09346568298339844,1.23809912109375,-0.09995262347298603,-0.088508825131867,-0.036641323014252374,-0.0049271035737552373,0.001258805458498595,0.10007099542000002,-0.0014678296043916705,0.0053288234908521774,0.0026790734079279177,-0.20058651321289492
0.18346571350097657,-0.10064738464355469,1.231215087890625,-0.09995319679832675,-0.08851296608503974,-0.0366395473977162,-0.0049271035737552373,0.001258805458498595,0.10007099542000002,-0.0014678296043916705,0.0053288234908521774,0.0026790734079279177,-0.20058651321289492
0.17366346740722657,-0.11175878143310547,1.230419677734375,-0.09398847592687118,-0.09086370452642925,-0.03027899630143499,-0.0049271035737552373,0.001258805458498595,0.10007099542000002,-0.0014678296043916705,0.0053288234908521774,0.0026790734079279177,-0.20058651321289492
0.20539576721191405,-0.09411058044433594,1.308018798828125,-0.15886372349509797,-0.14838681076975993,-0.05404315431192668,-0.0049271035737552373,0.001258805458498595,0.10007099542000002,-0.0014678296043916705,0.0053288234908521774,0.0026790734079279177,-0.20058651321289492
0.21143441772460939,-0.09613294982910156,1.310181396484375,-0.15886653078255913,-0.14838929744079518,-0.05404418334747009,-0.0049271035737552373,0.001258805458498595,0.10007099542000002,-0.0014678296043916705,0.0053288234908521774,0.0026790734079279177,-0.20058651321289492
0.2212814483642578,-0.08559765625,1.310555419921875,-0.1648585875130748,-0.1460824314913907,-0.060401863357949295,-0.0049271035737552373,0.001258805458498595,0.10007099542000002,-0.0014678296043916705,0.0053288234908521774,0.0026790734079279177,-0.20058651321289492
0.2176666259765625,-0.07989620971679688,1.31533740234375,-0.16488522002200653,-0.1460369851467186,-0.06044935858694274,-0.0049271035737552373,0.001258805458498595,0.10007099542000002,-0.0014678296043916705,0.0053288234908521774,0.0026790734079279177,-0.20058651321289492
0.20851492309570313,-0.07523497009277344,1.315341796875,-0.1648856507519954,-0.14603615568168843,-0.06045017863783837,-0.0049271035737552373,0.001258805458498595,0.10007099542000002,-0.0014678296043916705,0.0053288234908521774,0.0026790734079279177,-0.20058651321289492
0.21280827331542967,-0.06709152221679687,1.3037742919921875,-0.16436312368593994,-0.13794035416885414,-0.06442757514772626,-0.0049271035737552373,0.001258805458498595,0.10007099542000002,-0.0014678296043916705,0.0053288234908521774,0.0026790734079279177,-0.20058651321289492
0.22194918823242188,-0.06931556701660156,1.3022860107421874,-0.1643550907040514,-0.13793057744051382,-0.06443246241136913,-0.0049271035737552373,0.001258805458498595,0.10007099542000002,-0.0014678296043916705,0.0053288234908521774,0.0026790734079279177,-0.20058651321289492
0.22482440185546876,-0.07845426940917968,1.299507568359375,-0.164361179728594,-0.1379385847244373,-0.06443157259269883,-0.0049271035737552373,0.001258805458498595,0.10007099542000002,-0.0014678296043916705,0.0053288234908521774,0.0026790734079279177,-0.20058651321289492
0.1979188232421875,-0.07726078033447266,1.3117840576171875,-0.1568905449533325,-0.14921088183952186,-0.057499041821531954,-0.0049271035737552373,0.001258805458498595,0.10007099542000002,-0.0014678296043916705,0.0053288234908521774,0.0026790734079279177,-0.20058651321289492
0.21655886840820313,-0.08973233032226563,1.312605712890625,-0.1648546220403135,-0.14609603353166398,-0.060428879036776614,-0.0049271035737552373,0.001258805458498595,0.10007099542000002,-0.0014678296043916705,0.0053288234908521774,0.0026790734079279177,-0.20058651321289492
0.21666232299804689,-0.08101438903808594,1.3165946044921875,-0.16488532305991138,-0.14605692585062052,-0.06044014386165679,-0.0049271035737552373,0.001258805458498595,0.10007099542000002,-0.0014678296043916705,0.0053288234908521774,0.0026790734079279177,-0.20058651321289492
0.21144966125488282,-0.07364639282226562,1.31409912109375,-0.16488756165495683,-0.1460540571291837,-0.06044096443806761,-0.0049271035737552373,0.001258805458498595,0.10007099542000002,-0.0014678296043916705,0.0053288234908521774,0.0026790734079279177,-0.20058651321289492
0.22003425598144533,-0.07123652648925781,1.301619384765625,-0.1663491474603607,-0.13714201293459727,-0.06097817866851981,-0.0049271035737552373,0.001258805458498595,0.10007099542000002,-0.0014678296043916705,0.0053288234908521774,0.0026790734079279177,-0.20058651321289492
0.2265852508544922,-0.07859457397460938,1.302500732421875,-0.1663486826231186,-0.13714118402885858,-0.060976550989230174,-0.0049271035737552373,0.001258805458498595,0.10007099542000002,-0.0014678296043916705,0.0053288234908521774,0.0026790734079279177,-0.20058651321289492
0.22385211181640624,-0.08819691467285157,1.3013359375,-0.16635007425984494,-0.13714098496794977,-0.06097706110573042,-0.0049271035737552373,0.001258805458498595,0.10007099542000002,-0.0014678296043916705,0.0053288234908521774,0.0026790734079279177,-0.20058651321289492
0.203567626953125,-0.07037899017333984,1.307948486328125,-0.15620258916435695,-0.14840943068027662,-0.06143428586759783,-0.0049271035737552373,0.001258805458498595,0.10007099542000002,-0.0014678296043916705,0.0053288234908521774,0.0026790734079279177,-0.20058651321289492
0.1994824523925781,-0.07515875244140625,1.314317626953125,-0.156159486706984,-0.14839945023039036,-0.06143285033578287,-0.0049271035737552373,0.001258805458498595,0.10007099542000002,-0.0014678296043916705,0.0053288234908521774,0.0026790734079279177,-0.20058651321289492
0.21489236450195312,-0.0894571533203125,1.3123468017578126,-0.16486086129841226,-0.1460818967551965,-0.06045117985302371,-0.0049271035737552373,0.001258805458498595,0.10007099542000002,-0.0014678296043916705,0.0053288234908521774,0.0026790734079279177,-0.20058651321289492
0.2176715087890625,-0.08011873626708985,1.315984375,-0.16489344768136116,-0.14604715733646262,-0.06043664123772464,-0.0049271035737552373,0.001258805458498595,0.10007099542000002,-0.0014678296043916705,0.0053288234908521774,0.0026790734079279177,-0.20058651321289492
0.21664839172363282,-0.07313432312011718,1.3105018310546874,-0.16489192913362574,-0.14604828844310075,-0.06043807036280909,-0.0049271035737552373,0.001258805458498595,0.10007099542000002,-0.0014678296043916705,0.0053288234908521774,0.0026790734079279177,-0.20058651321289492
0.2251729736328125,-0.078259765625,1.3004583740234374,-0.1670641594588561,-0.13793332697471591,-0.057053704076607904,-0.0051356173613592987,0.0011584099311336765,0.10006710655000001,-0.0016775195478761949,0.0053288234908521774,0.0026790734079279177,-0.20058651321289492
0.2275481262207031,-0.08717244720458985,1.30280419921875,-0.16706244739306128,-0.13792780827675133,-0.057051409865889434,-0.0051356173613592987,0.0011584099311336765,0.10006710655000001,-0.0016775195478761949,0.0053288234908521774,0.0026790734079279177,-0.20058651321289492
0.221081298828125,-0.09426895141601563,1.303688720703125,-0.1670646616405159,-0.13793056972629378,-0.05705255470515114,-0.0051356173613592987,0.0011584099311336765,0.10006710655000001,-0.0016775195478761949,0.0053288234908521774,0.0026790734079279177,-0.20058651321289492
-0.520386962890625,-0.19866290283203125,2.14331884765625,0.003254524798178918,-0.007024580815597289,-0.223861494137432,-0.0051356173613592987,0.0011584099311336765,0.10006710655000001,-0.0016775195478761949,0.0053288234908521774,0.0026790734079279177,-0.20058651321289492
-0.520351318359375,-0.19859999084472657,2.143181640625,-0.0005149033537019168,0.14951689102599233,-0.16683061133107788,-0.0051356173613592987,0.0011584099311336765,0.10006710655000001,-0.0016775195478761949,0.0053288234908521774,0.0026790734079279177,-0.20058651321289492
-0.5203408203125,-0.19862417602539062,2.14314892578125,0.16456537258564594,0.14626488166465845,-0.060754523549411056,-0.0051356173613592987,0.0011584099311336765,0.10006710655000001,-0.0016775195478761949,0.0053288234908521774,0.0026790734079279177,-0.20058651321289492
-0.520458740234375,-0.19861085510253906,2.14336474609375,0.12715699178950873,0.0070164690038181845,-0.04266337089202903,-0.0051356173613592987,0.0011584099311336765,0.10006710655000001,-0.0016775195478761949,0.0053288234908521774,0.0026790734079279177,-0.20058651321289492
0.05227670288085937,-0.0763514175415039,0.867194091796875,0.04557643508388989,6.080536695654746e-05,-0.016792345504277526,-0.0051356173613592987,0.0011584099311336765,0.10006710655000001,-0.0016775195478761949,0.0053288234908521774,0.0026790734079279177,-0.20058651321289492
-0.5203390502929688,-0.19860176086425782,2.1431357421875,0.02904712265465555,-0.033351772363796425,-0.006512927552510772,-0.0051356173613592987,0.0011584099311336765,0.10006710655000001,-0.0016775195478761949,0.0053288234908521774,0.0026790734079279177,-0.20058651321289492
-0.520252197265625,-0.19857675170898437,2.1430224609375,0.0939439647177518,-0.09080121365254111,-0.03045166555016226,-0.0051356173613592987,0.0011584099311336765,0.10006710655000001,-0.0016775195478761949,0.0053288234908521774,0.0026790734079279177,-0.20058651321289492
-0.5203199462890625,-0.19860011291503907,2.14319091796875,0.09193370235561908,-0.09160920617030971,-0.03389094341273487,-0.0051356173613592987,0.0011584099311336765,0.10006710655000001,-0.0016775195478761949,0.0053288234908521774,0.0026790734079279177,-0.20058651321289492
-0.5203643188476562,-0.1985953369140625,2.143302978515625,0.15881211939480763,-0.1483218169961923,-0.054345202874031585,-0.0051356173613592987,0.0011584099311336765,0.10006710655000001,-0.0016775195478761949,0.0053288234908521774,0.0026790734079279177,-0.20058651321289492
